Log error rate,Mendelian-based error correction,CHM13v2.0,GRCh38
Log(Switch Error Rate),False,0.07000153170129422,0.13829000612327338
Log(Flip Error Rate),False,0.08247475109595993,0.1687708565799646
Log(True Switch Error Rate),False,0.01561499899346457,0.06040420938297637
Log(Switch Error Rate),True,0.31052025760228896,0.2745127497890458
Log(Flip Error Rate),True,0.3451703582225474,0.30024301656668556
Log(True Switch Error Rate),True,0.006027047744032473,0.04950221750966159
