panel_genome	ground_truth_data_source	family_status	n_switch_errors	n_checked	switch_error_rate	n_total_switch_errors	n_flips	flip_error_rate	n_true_switch_errors	n_total_hets	true_switch_error_rate	n_gt_errors	n_gt_checked	gt_error_rate	N50
GRCh38	HPRC_samples	trio_proband	474899	116411762	0.40794760928023754	474899	216913	0.18597453807066314	33889	116635859	0.029055386817188014	9552682.0	857820709	1.113598902401877	5972868442
GRCh38	HGSVC_samples	non_trio	721620	55578917	1.2983700276131684	721620	277200	0.49603128447122175	139765	55883572	0.2501003336007226	6916313.0	481426123	1.4366301846898324	3108474708
GRCh38	HGSVC_samples	trio_parent	282761	40080199	0.7054880141687919	282761	121977	0.30335984137158034	32299	40208684	0.08032841860728393	4587144.0	314802029	1.4571519804276738	1990430925
GRCh38	HGSVC_samples	trio_proband	396029	85364549	0.4639267759734782	396029	184339	0.21546475645927604	22108	85554131	0.02584094974911264	9665325.0	724957722	1.3332260222479566	4593002664
CHM13v2.0	HPRC_samples	trio_proband	361950	101999287	0.3548554216854477	361950	169732	0.166123126254173	19096	102172409	0.018689977252077907	6867529.0	747787272	0.9183800336200427	5922189400
CHM13v2.0	HGSVC_samples	non_trio	511618	46079440	1.1102956112313866	511618	219366	0.4736734504741917	60040	46311652	0.12964339946240744	5090289.0	406219522	1.2530882255333853	2905799316
CHM13v2.0	HGSVC_samples	trio_parent	174592	35237358	0.49547414990647143	174592	83125	0.2353354384282939	6903	35321922	0.019543104137991135	3571836.0	279764783	1.2767282435259195	1972578898
CHM13v2.0	HGSVC_samples	trio_proband	333248	77833807	0.42815328305860717	333248	157725	0.2022249864231356	14517	77994813	0.018612776211156503	7676802.0	665772735	1.1530664439119753	4705087212
